,results_index,stop_gain_distance,stop_loss_distance,RSI_enable,RSI_period,RSI_value,operation_time,n_bars_validation,extra_range_entry
0,0,4,4,1,9,30,10,5,0
1,1,4,10,1,9,30,10,5,0
2,2,4,16,1,9,30,10,5,0
3,3,10,4,1,9,30,10,5,0
4,4,10,10,1,9,30,10,5,0
5,5,10,16,1,9,30,10,5,0
6,6,16,4,1,9,30,10,5,0
7,7,16,10,1,9,30,10,5,0
8,8,16,16,1,9,30,10,5,0
9,9,4,4,0,9,30,10,5,0
10,10,4,10,0,9,30,10,5,0
11,11,4,16,0,9,30,10,5,0
12,12,10,4,0,9,30,10,5,0
13,13,10,10,0,9,30,10,5,0
14,14,10,16,0,9,30,10,5,0
15,15,16,4,0,9,30,10,5,0
16,16,16,10,0,9,30,10,5,0
17,17,16,16,0,9,30,10,5,0
18,18,4,4,1,10,30,10,5,0
19,19,4,10,1,10,30,10,5,0
20,20,4,16,1,10,30,10,5,0
21,21,10,4,1,10,30,10,5,0
22,22,10,10,1,10,30,10,5,0
23,23,10,16,1,10,30,10,5,0
24,24,16,4,1,10,30,10,5,0
25,25,16,10,1,10,30,10,5,0
26,26,16,16,1,10,30,10,5,0
27,36,4,4,1,11,30,10,5,0
28,37,4,10,1,11,30,10,5,0
29,38,4,16,1,11,30,10,5,0
30,39,10,4,1,11,30,10,5,0
31,40,10,10,1,11,30,10,5,0
32,41,10,16,1,11,30,10,5,0
33,42,16,4,1,11,30,10,5,0
34,43,16,10,1,11,30,10,5,0
35,44,16,16,1,11,30,10,5,0
36,54,4,4,1,9,50,10,5,0
37,55,4,10,1,9,50,10,5,0
38,56,4,16,1,9,50,10,5,0
39,57,10,4,1,9,50,10,5,0
40,58,10,10,1,9,50,10,5,0
41,59,10,16,1,9,50,10,5,0
42,60,16,4,1,9,50,10,5,0
43,61,16,10,1,9,50,10,5,0
44,62,16,16,1,9,50,10,5,0
45,72,4,4,1,10,50,10,5,0
46,73,4,10,1,10,50,10,5,0
47,74,4,16,1,10,50,10,5,0
48,75,10,4,1,10,50,10,5,0
49,76,10,10,1,10,50,10,5,0
50,77,10,16,1,10,50,10,5,0
51,78,16,4,1,10,50,10,5,0
52,79,16,10,1,10,50,10,5,0
53,80,16,16,1,10,50,10,5,0
54,90,4,4,1,11,50,10,5,0
55,91,4,10,1,11,50,10,5,0
56,92,4,16,1,11,50,10,5,0
57,93,10,4,1,11,50,10,5,0
58,94,10,10,1,11,50,10,5,0
59,95,10,16,1,11,50,10,5,0
60,96,16,4,1,11,50,10,5,0
61,97,16,10,1,11,50,10,5,0
62,98,16,16,1,11,50,10,5,0
63,108,4,4,1,9,70,10,5,0
64,109,4,10,1,9,70,10,5,0
65,110,4,16,1,9,70,10,5,0
66,111,10,4,1,9,70,10,5,0
67,112,10,10,1,9,70,10,5,0
68,113,10,16,1,9,70,10,5,0
69,114,16,4,1,9,70,10,5,0
70,115,16,10,1,9,70,10,5,0
71,116,16,16,1,9,70,10,5,0
72,126,4,4,1,10,70,10,5,0
73,127,4,10,1,10,70,10,5,0
74,128,4,16,1,10,70,10,5,0
75,129,10,4,1,10,70,10,5,0
76,130,10,10,1,10,70,10,5,0
77,131,10,16,1,10,70,10,5,0
78,132,16,4,1,10,70,10,5,0
79,133,16,10,1,10,70,10,5,0
80,134,16,16,1,10,70,10,5,0
81,144,4,4,1,11,70,10,5,0
82,145,4,10,1,11,70,10,5,0
83,146,4,16,1,11,70,10,5,0
84,147,10,4,1,11,70,10,5,0
85,148,10,10,1,11,70,10,5,0
86,149,10,16,1,11,70,10,5,0
87,150,16,4,1,11,70,10,5,0
88,151,16,10,1,11,70,10,5,0
89,152,16,16,1,11,70,10,5,0
90,162,4,4,1,9,30,20,5,0
91,163,4,10,1,9,30,20,5,0
92,164,4,16,1,9,30,20,5,0
93,165,10,4,1,9,30,20,5,0
94,166,10,10,1,9,30,20,5,0
95,167,10,16,1,9,30,20,5,0
96,168,16,4,1,9,30,20,5,0
97,169,16,10,1,9,30,20,5,0
98,170,16,16,1,9,30,20,5,0
99,171,4,4,0,9,30,20,5,0
100,172,4,10,0,9,30,20,5,0
101,173,4,16,0,9,30,20,5,0
102,174,10,4,0,9,30,20,5,0
103,175,10,10,0,9,30,20,5,0
104,176,10,16,0,9,30,20,5,0
105,177,16,4,0,9,30,20,5,0
106,178,16,10,0,9,30,20,5,0
107,179,16,16,0,9,30,20,5,0
108,180,4,4,1,10,30,20,5,0
109,181,4,10,1,10,30,20,5,0
110,182,4,16,1,10,30,20,5,0
111,183,10,4,1,10,30,20,5,0
112,184,10,10,1,10,30,20,5,0
113,185,10,16,1,10,30,20,5,0
114,186,16,4,1,10,30,20,5,0
115,187,16,10,1,10,30,20,5,0
116,188,16,16,1,10,30,20,5,0
117,198,4,4,1,11,30,20,5,0
118,199,4,10,1,11,30,20,5,0
119,200,4,16,1,11,30,20,5,0
120,201,10,4,1,11,30,20,5,0
121,202,10,10,1,11,30,20,5,0
122,203,10,16,1,11,30,20,5,0
123,204,16,4,1,11,30,20,5,0
124,205,16,10,1,11,30,20,5,0
125,206,16,16,1,11,30,20,5,0
126,216,4,4,1,9,50,20,5,0
127,217,4,10,1,9,50,20,5,0
128,218,4,16,1,9,50,20,5,0
129,219,10,4,1,9,50,20,5,0
130,220,10,10,1,9,50,20,5,0
131,221,10,16,1,9,50,20,5,0
132,222,16,4,1,9,50,20,5,0
133,223,16,10,1,9,50,20,5,0
134,224,16,16,1,9,50,20,5,0
135,234,4,4,1,10,50,20,5,0
136,235,4,10,1,10,50,20,5,0
137,236,4,16,1,10,50,20,5,0
138,237,10,4,1,10,50,20,5,0
139,238,10,10,1,10,50,20,5,0
140,239,10,16,1,10,50,20,5,0
141,240,16,4,1,10,50,20,5,0
142,241,16,10,1,10,50,20,5,0
143,242,16,16,1,10,50,20,5,0
144,252,4,4,1,11,50,20,5,0
145,253,4,10,1,11,50,20,5,0
146,254,4,16,1,11,50,20,5,0
147,255,10,4,1,11,50,20,5,0
148,256,10,10,1,11,50,20,5,0
149,257,10,16,1,11,50,20,5,0
150,258,16,4,1,11,50,20,5,0
151,259,16,10,1,11,50,20,5,0
152,260,16,16,1,11,50,20,5,0
153,270,4,4,1,9,70,20,5,0
154,271,4,10,1,9,70,20,5,0
155,272,4,16,1,9,70,20,5,0
156,273,10,4,1,9,70,20,5,0
157,274,10,10,1,9,70,20,5,0
158,275,10,16,1,9,70,20,5,0
159,276,16,4,1,9,70,20,5,0
160,277,16,10,1,9,70,20,5,0
161,278,16,16,1,9,70,20,5,0
162,288,4,4,1,10,70,20,5,0
163,289,4,10,1,10,70,20,5,0
164,290,4,16,1,10,70,20,5,0
165,291,10,4,1,10,70,20,5,0
166,292,10,10,1,10,70,20,5,0
167,293,10,16,1,10,70,20,5,0
168,294,16,4,1,10,70,20,5,0
169,295,16,10,1,10,70,20,5,0
170,296,16,16,1,10,70,20,5,0
171,306,4,4,1,11,70,20,5,0
172,307,4,10,1,11,70,20,5,0
173,308,4,16,1,11,70,20,5,0
174,309,10,4,1,11,70,20,5,0
175,310,10,10,1,11,70,20,5,0
176,311,10,16,1,11,70,20,5,0
177,312,16,4,1,11,70,20,5,0
178,313,16,10,1,11,70,20,5,0
179,314,16,16,1,11,70,20,5,0
180,324,4,4,1,9,30,30,5,0
181,325,4,10,1,9,30,30,5,0
182,326,4,16,1,9,30,30,5,0
183,327,10,4,1,9,30,30,5,0
184,328,10,10,1,9,30,30,5,0
185,329,10,16,1,9,30,30,5,0
186,330,16,4,1,9,30,30,5,0
187,331,16,10,1,9,30,30,5,0
188,332,16,16,1,9,30,30,5,0
189,333,4,4,0,9,30,30,5,0
190,334,4,10,0,9,30,30,5,0
191,335,4,16,0,9,30,30,5,0
192,336,10,4,0,9,30,30,5,0
193,337,10,10,0,9,30,30,5,0
194,338,10,16,0,9,30,30,5,0
195,339,16,4,0,9,30,30,5,0
196,340,16,10,0,9,30,30,5,0
197,341,16,16,0,9,30,30,5,0
198,342,4,4,1,10,30,30,5,0
199,343,4,10,1,10,30,30,5,0
200,344,4,16,1,10,30,30,5,0
201,345,10,4,1,10,30,30,5,0
202,346,10,10,1,10,30,30,5,0
203,347,10,16,1,10,30,30,5,0
204,348,16,4,1,10,30,30,5,0
205,349,16,10,1,10,30,30,5,0
206,350,16,16,1,10,30,30,5,0
207,360,4,4,1,11,30,30,5,0
208,361,4,10,1,11,30,30,5,0
209,362,4,16,1,11,30,30,5,0
210,363,10,4,1,11,30,30,5,0
211,364,10,10,1,11,30,30,5,0
212,365,10,16,1,11,30,30,5,0
213,366,16,4,1,11,30,30,5,0
214,367,16,10,1,11,30,30,5,0
215,368,16,16,1,11,30,30,5,0
216,378,4,4,1,9,50,30,5,0
217,379,4,10,1,9,50,30,5,0
218,380,4,16,1,9,50,30,5,0
219,381,10,4,1,9,50,30,5,0
220,382,10,10,1,9,50,30,5,0
221,383,10,16,1,9,50,30,5,0
222,384,16,4,1,9,50,30,5,0
223,385,16,10,1,9,50,30,5,0
224,386,16,16,1,9,50,30,5,0
225,396,4,4,1,10,50,30,5,0
226,397,4,10,1,10,50,30,5,0
227,398,4,16,1,10,50,30,5,0
228,399,10,4,1,10,50,30,5,0
229,400,10,10,1,10,50,30,5,0
230,401,10,16,1,10,50,30,5,0
231,402,16,4,1,10,50,30,5,0
232,403,16,10,1,10,50,30,5,0
233,404,16,16,1,10,50,30,5,0
234,414,4,4,1,11,50,30,5,0
235,415,4,10,1,11,50,30,5,0
236,416,4,16,1,11,50,30,5,0
237,417,10,4,1,11,50,30,5,0
238,418,10,10,1,11,50,30,5,0
239,419,10,16,1,11,50,30,5,0
240,420,16,4,1,11,50,30,5,0
241,421,16,10,1,11,50,30,5,0
242,422,16,16,1,11,50,30,5,0
243,432,4,4,1,9,70,30,5,0
244,433,4,10,1,9,70,30,5,0
245,434,4,16,1,9,70,30,5,0
246,435,10,4,1,9,70,30,5,0
247,436,10,10,1,9,70,30,5,0
248,437,10,16,1,9,70,30,5,0
249,438,16,4,1,9,70,30,5,0
250,439,16,10,1,9,70,30,5,0
251,440,16,16,1,9,70,30,5,0
252,450,4,4,1,10,70,30,5,0
253,451,4,10,1,10,70,30,5,0
254,452,4,16,1,10,70,30,5,0
255,453,10,4,1,10,70,30,5,0
256,454,10,10,1,10,70,30,5,0
257,455,10,16,1,10,70,30,5,0
258,456,16,4,1,10,70,30,5,0
259,457,16,10,1,10,70,30,5,0
260,458,16,16,1,10,70,30,5,0
261,468,4,4,1,11,70,30,5,0
262,469,4,10,1,11,70,30,5,0
263,470,4,16,1,11,70,30,5,0
264,471,10,4,1,11,70,30,5,0
265,472,10,10,1,11,70,30,5,0
266,473,10,16,1,11,70,30,5,0
267,474,16,4,1,11,70,30,5,0
268,475,16,10,1,11,70,30,5,0
269,476,16,16,1,11,70,30,5,0
270,486,4,4,1,9,30,10,10,0
271,487,4,10,1,9,30,10,10,0
272,488,4,16,1,9,30,10,10,0
273,489,10,4,1,9,30,10,10,0
274,490,10,10,1,9,30,10,10,0
275,491,10,16,1,9,30,10,10,0
276,492,16,4,1,9,30,10,10,0
277,493,16,10,1,9,30,10,10,0
278,494,16,16,1,9,30,10,10,0
279,495,4,4,0,9,30,10,10,0
280,496,4,10,0,9,30,10,10,0
281,497,4,16,0,9,30,10,10,0
282,498,10,4,0,9,30,10,10,0
283,499,10,10,0,9,30,10,10,0
284,500,10,16,0,9,30,10,10,0
285,501,16,4,0,9,30,10,10,0
286,502,16,10,0,9,30,10,10,0
287,503,16,16,0,9,30,10,10,0
288,504,4,4,1,10,30,10,10,0
289,505,4,10,1,10,30,10,10,0
290,506,4,16,1,10,30,10,10,0
291,507,10,4,1,10,30,10,10,0
292,508,10,10,1,10,30,10,10,0
293,509,10,16,1,10,30,10,10,0
294,510,16,4,1,10,30,10,10,0
295,511,16,10,1,10,30,10,10,0
296,512,16,16,1,10,30,10,10,0
297,522,4,4,1,11,30,10,10,0
298,523,4,10,1,11,30,10,10,0
299,524,4,16,1,11,30,10,10,0
300,525,10,4,1,11,30,10,10,0
301,526,10,10,1,11,30,10,10,0
302,527,10,16,1,11,30,10,10,0
303,528,16,4,1,11,30,10,10,0
304,529,16,10,1,11,30,10,10,0
305,530,16,16,1,11,30,10,10,0
306,540,4,4,1,9,50,10,10,0
307,541,4,10,1,9,50,10,10,0
308,542,4,16,1,9,50,10,10,0
309,543,10,4,1,9,50,10,10,0
310,544,10,10,1,9,50,10,10,0
311,545,10,16,1,9,50,10,10,0
312,546,16,4,1,9,50,10,10,0
313,547,16,10,1,9,50,10,10,0
314,548,16,16,1,9,50,10,10,0
315,558,4,4,1,10,50,10,10,0
316,559,4,10,1,10,50,10,10,0
317,560,4,16,1,10,50,10,10,0
318,561,10,4,1,10,50,10,10,0
319,562,10,10,1,10,50,10,10,0
320,563,10,16,1,10,50,10,10,0
321,564,16,4,1,10,50,10,10,0
322,565,16,10,1,10,50,10,10,0
323,566,16,16,1,10,50,10,10,0
324,576,4,4,1,11,50,10,10,0
325,577,4,10,1,11,50,10,10,0
326,578,4,16,1,11,50,10,10,0
327,579,10,4,1,11,50,10,10,0
328,580,10,10,1,11,50,10,10,0
329,581,10,16,1,11,50,10,10,0
330,582,16,4,1,11,50,10,10,0
331,583,16,10,1,11,50,10,10,0
332,584,16,16,1,11,50,10,10,0
333,594,4,4,1,9,70,10,10,0
334,595,4,10,1,9,70,10,10,0
335,596,4,16,1,9,70,10,10,0
336,597,10,4,1,9,70,10,10,0
337,598,10,10,1,9,70,10,10,0
338,599,10,16,1,9,70,10,10,0
339,600,16,4,1,9,70,10,10,0
340,601,16,10,1,9,70,10,10,0
341,602,16,16,1,9,70,10,10,0
342,612,4,4,1,10,70,10,10,0
343,613,4,10,1,10,70,10,10,0
344,614,4,16,1,10,70,10,10,0
345,615,10,4,1,10,70,10,10,0
346,616,10,10,1,10,70,10,10,0
347,617,10,16,1,10,70,10,10,0
348,618,16,4,1,10,70,10,10,0
349,619,16,10,1,10,70,10,10,0
350,620,16,16,1,10,70,10,10,0
351,630,4,4,1,11,70,10,10,0
352,631,4,10,1,11,70,10,10,0
353,632,4,16,1,11,70,10,10,0
354,633,10,4,1,11,70,10,10,0
355,634,10,10,1,11,70,10,10,0
356,635,10,16,1,11,70,10,10,0
357,636,16,4,1,11,70,10,10,0
358,637,16,10,1,11,70,10,10,0
359,638,16,16,1,11,70,10,10,0
360,648,4,4,1,9,30,20,10,0
361,649,4,10,1,9,30,20,10,0
362,650,4,16,1,9,30,20,10,0
363,651,10,4,1,9,30,20,10,0
364,652,10,10,1,9,30,20,10,0
365,653,10,16,1,9,30,20,10,0
366,654,16,4,1,9,30,20,10,0
367,655,16,10,1,9,30,20,10,0
368,656,16,16,1,9,30,20,10,0
369,657,4,4,0,9,30,20,10,0
370,658,4,10,0,9,30,20,10,0
371,659,4,16,0,9,30,20,10,0
372,660,10,4,0,9,30,20,10,0
373,661,10,10,0,9,30,20,10,0
374,662,10,16,0,9,30,20,10,0
375,663,16,4,0,9,30,20,10,0
376,664,16,10,0,9,30,20,10,0
377,665,16,16,0,9,30,20,10,0
378,666,4,4,1,10,30,20,10,0
379,667,4,10,1,10,30,20,10,0
380,668,4,16,1,10,30,20,10,0
381,669,10,4,1,10,30,20,10,0
382,670,10,10,1,10,30,20,10,0
383,671,10,16,1,10,30,20,10,0
384,672,16,4,1,10,30,20,10,0
385,673,16,10,1,10,30,20,10,0
386,674,16,16,1,10,30,20,10,0
387,684,4,4,1,11,30,20,10,0
388,685,4,10,1,11,30,20,10,0
389,686,4,16,1,11,30,20,10,0
390,687,10,4,1,11,30,20,10,0
391,688,10,10,1,11,30,20,10,0
392,689,10,16,1,11,30,20,10,0
393,690,16,4,1,11,30,20,10,0
394,691,16,10,1,11,30,20,10,0
395,692,16,16,1,11,30,20,10,0
396,702,4,4,1,9,50,20,10,0
397,703,4,10,1,9,50,20,10,0
398,704,4,16,1,9,50,20,10,0
399,705,10,4,1,9,50,20,10,0
400,706,10,10,1,9,50,20,10,0
401,707,10,16,1,9,50,20,10,0
402,708,16,4,1,9,50,20,10,0
403,709,16,10,1,9,50,20,10,0
404,710,16,16,1,9,50,20,10,0
405,720,4,4,1,10,50,20,10,0
406,721,4,10,1,10,50,20,10,0
407,722,4,16,1,10,50,20,10,0
408,723,10,4,1,10,50,20,10,0
409,724,10,10,1,10,50,20,10,0
410,725,10,16,1,10,50,20,10,0
411,726,16,4,1,10,50,20,10,0
412,727,16,10,1,10,50,20,10,0
413,728,16,16,1,10,50,20,10,0
414,738,4,4,1,11,50,20,10,0
415,739,4,10,1,11,50,20,10,0
416,740,4,16,1,11,50,20,10,0
417,741,10,4,1,11,50,20,10,0
418,742,10,10,1,11,50,20,10,0
419,743,10,16,1,11,50,20,10,0
420,744,16,4,1,11,50,20,10,0
421,745,16,10,1,11,50,20,10,0
422,746,16,16,1,11,50,20,10,0
423,756,4,4,1,9,70,20,10,0
424,757,4,10,1,9,70,20,10,0
425,758,4,16,1,9,70,20,10,0
426,759,10,4,1,9,70,20,10,0
427,760,10,10,1,9,70,20,10,0
428,761,10,16,1,9,70,20,10,0
429,762,16,4,1,9,70,20,10,0
430,763,16,10,1,9,70,20,10,0
431,764,16,16,1,9,70,20,10,0
432,774,4,4,1,10,70,20,10,0
433,775,4,10,1,10,70,20,10,0
434,776,4,16,1,10,70,20,10,0
435,777,10,4,1,10,70,20,10,0
436,778,10,10,1,10,70,20,10,0
437,779,10,16,1,10,70,20,10,0
438,780,16,4,1,10,70,20,10,0
439,781,16,10,1,10,70,20,10,0
440,782,16,16,1,10,70,20,10,0
441,792,4,4,1,11,70,20,10,0
442,793,4,10,1,11,70,20,10,0
443,794,4,16,1,11,70,20,10,0
444,795,10,4,1,11,70,20,10,0
445,796,10,10,1,11,70,20,10,0
446,797,10,16,1,11,70,20,10,0
447,798,16,4,1,11,70,20,10,0
448,799,16,10,1,11,70,20,10,0
449,800,16,16,1,11,70,20,10,0
450,810,4,4,1,9,30,30,10,0
451,811,4,10,1,9,30,30,10,0
452,812,4,16,1,9,30,30,10,0
453,813,10,4,1,9,30,30,10,0
454,814,10,10,1,9,30,30,10,0
455,815,10,16,1,9,30,30,10,0
456,816,16,4,1,9,30,30,10,0
457,817,16,10,1,9,30,30,10,0
458,818,16,16,1,9,30,30,10,0
459,819,4,4,0,9,30,30,10,0
460,820,4,10,0,9,30,30,10,0
461,821,4,16,0,9,30,30,10,0
462,822,10,4,0,9,30,30,10,0
463,823,10,10,0,9,30,30,10,0
464,824,10,16,0,9,30,30,10,0
465,825,16,4,0,9,30,30,10,0
466,826,16,10,0,9,30,30,10,0
467,827,16,16,0,9,30,30,10,0
468,828,4,4,1,10,30,30,10,0
469,829,4,10,1,10,30,30,10,0
470,830,4,16,1,10,30,30,10,0
471,831,10,4,1,10,30,30,10,0
472,832,10,10,1,10,30,30,10,0
473,833,10,16,1,10,30,30,10,0
474,834,16,4,1,10,30,30,10,0
475,835,16,10,1,10,30,30,10,0
476,836,16,16,1,10,30,30,10,0
477,846,4,4,1,11,30,30,10,0
478,847,4,10,1,11,30,30,10,0
479,848,4,16,1,11,30,30,10,0
480,849,10,4,1,11,30,30,10,0
481,850,10,10,1,11,30,30,10,0
482,851,10,16,1,11,30,30,10,0
483,852,16,4,1,11,30,30,10,0
484,853,16,10,1,11,30,30,10,0
485,854,16,16,1,11,30,30,10,0
486,864,4,4,1,9,50,30,10,0
487,865,4,10,1,9,50,30,10,0
488,866,4,16,1,9,50,30,10,0
489,867,10,4,1,9,50,30,10,0
490,868,10,10,1,9,50,30,10,0
491,869,10,16,1,9,50,30,10,0
492,870,16,4,1,9,50,30,10,0
493,871,16,10,1,9,50,30,10,0
494,872,16,16,1,9,50,30,10,0
495,882,4,4,1,10,50,30,10,0
496,883,4,10,1,10,50,30,10,0
497,884,4,16,1,10,50,30,10,0
498,885,10,4,1,10,50,30,10,0
499,886,10,10,1,10,50,30,10,0
500,887,10,16,1,10,50,30,10,0
501,888,16,4,1,10,50,30,10,0
502,889,16,10,1,10,50,30,10,0
503,890,16,16,1,10,50,30,10,0
504,900,4,4,1,11,50,30,10,0
505,901,4,10,1,11,50,30,10,0
506,902,4,16,1,11,50,30,10,0
507,903,10,4,1,11,50,30,10,0
508,904,10,10,1,11,50,30,10,0
509,905,10,16,1,11,50,30,10,0
510,906,16,4,1,11,50,30,10,0
511,907,16,10,1,11,50,30,10,0
512,908,16,16,1,11,50,30,10,0
513,918,4,4,1,9,70,30,10,0
514,919,4,10,1,9,70,30,10,0
515,920,4,16,1,9,70,30,10,0
516,921,10,4,1,9,70,30,10,0
517,922,10,10,1,9,70,30,10,0
518,923,10,16,1,9,70,30,10,0
519,924,16,4,1,9,70,30,10,0
520,925,16,10,1,9,70,30,10,0
521,926,16,16,1,9,70,30,10,0
522,936,4,4,1,10,70,30,10,0
523,937,4,10,1,10,70,30,10,0
524,938,4,16,1,10,70,30,10,0
525,939,10,4,1,10,70,30,10,0
526,940,10,10,1,10,70,30,10,0
527,941,10,16,1,10,70,30,10,0
528,942,16,4,1,10,70,30,10,0
529,943,16,10,1,10,70,30,10,0
530,944,16,16,1,10,70,30,10,0
531,954,4,4,1,11,70,30,10,0
532,955,4,10,1,11,70,30,10,0
533,956,4,16,1,11,70,30,10,0
534,957,10,4,1,11,70,30,10,0
535,958,10,10,1,11,70,30,10,0
536,959,10,16,1,11,70,30,10,0
537,960,16,4,1,11,70,30,10,0
538,961,16,10,1,11,70,30,10,0
539,962,16,16,1,11,70,30,10,0
540,972,4,4,1,9,30,10,15,0
541,973,4,10,1,9,30,10,15,0
542,974,4,16,1,9,30,10,15,0
543,975,10,4,1,9,30,10,15,0
544,976,10,10,1,9,30,10,15,0
545,977,10,16,1,9,30,10,15,0
546,978,16,4,1,9,30,10,15,0
547,979,16,10,1,9,30,10,15,0
548,980,16,16,1,9,30,10,15,0
549,981,4,4,0,9,30,10,15,0
550,982,4,10,0,9,30,10,15,0
551,983,4,16,0,9,30,10,15,0
552,984,10,4,0,9,30,10,15,0
553,985,10,10,0,9,30,10,15,0
554,986,10,16,0,9,30,10,15,0
555,987,16,4,0,9,30,10,15,0
556,988,16,10,0,9,30,10,15,0
557,989,16,16,0,9,30,10,15,0
558,990,4,4,1,10,30,10,15,0
559,991,4,10,1,10,30,10,15,0
560,992,4,16,1,10,30,10,15,0
561,993,10,4,1,10,30,10,15,0
562,994,10,10,1,10,30,10,15,0
563,995,10,16,1,10,30,10,15,0
564,996,16,4,1,10,30,10,15,0
565,997,16,10,1,10,30,10,15,0
566,998,16,16,1,10,30,10,15,0
567,1008,4,4,1,11,30,10,15,0
568,1009,4,10,1,11,30,10,15,0
569,1010,4,16,1,11,30,10,15,0
570,1011,10,4,1,11,30,10,15,0
571,1012,10,10,1,11,30,10,15,0
572,1013,10,16,1,11,30,10,15,0
573,1014,16,4,1,11,30,10,15,0
574,1015,16,10,1,11,30,10,15,0
575,1016,16,16,1,11,30,10,15,0
576,1026,4,4,1,9,50,10,15,0
577,1027,4,10,1,9,50,10,15,0
578,1028,4,16,1,9,50,10,15,0
579,1029,10,4,1,9,50,10,15,0
580,1030,10,10,1,9,50,10,15,0
581,1031,10,16,1,9,50,10,15,0
582,1032,16,4,1,9,50,10,15,0
583,1033,16,10,1,9,50,10,15,0
584,1034,16,16,1,9,50,10,15,0
585,1044,4,4,1,10,50,10,15,0
586,1045,4,10,1,10,50,10,15,0
587,1046,4,16,1,10,50,10,15,0
588,1047,10,4,1,10,50,10,15,0
589,1048,10,10,1,10,50,10,15,0
590,1049,10,16,1,10,50,10,15,0
591,1050,16,4,1,10,50,10,15,0
592,1051,16,10,1,10,50,10,15,0
593,1052,16,16,1,10,50,10,15,0
594,1062,4,4,1,11,50,10,15,0
595,1063,4,10,1,11,50,10,15,0
596,1064,4,16,1,11,50,10,15,0
597,1065,10,4,1,11,50,10,15,0
598,1066,10,10,1,11,50,10,15,0
599,1067,10,16,1,11,50,10,15,0
600,1068,16,4,1,11,50,10,15,0
601,1069,16,10,1,11,50,10,15,0
602,1070,16,16,1,11,50,10,15,0
603,1080,4,4,1,9,70,10,15,0
604,1081,4,10,1,9,70,10,15,0
605,1082,4,16,1,9,70,10,15,0
606,1083,10,4,1,9,70,10,15,0
607,1084,10,10,1,9,70,10,15,0
608,1085,10,16,1,9,70,10,15,0
609,1086,16,4,1,9,70,10,15,0
610,1087,16,10,1,9,70,10,15,0
611,1088,16,16,1,9,70,10,15,0
612,1098,4,4,1,10,70,10,15,0
613,1099,4,10,1,10,70,10,15,0
614,1100,4,16,1,10,70,10,15,0
615,1101,10,4,1,10,70,10,15,0
616,1102,10,10,1,10,70,10,15,0
617,1103,10,16,1,10,70,10,15,0
618,1104,16,4,1,10,70,10,15,0
619,1105,16,10,1,10,70,10,15,0
620,1106,16,16,1,10,70,10,15,0
621,1116,4,4,1,11,70,10,15,0
622,1117,4,10,1,11,70,10,15,0
623,1118,4,16,1,11,70,10,15,0
624,1119,10,4,1,11,70,10,15,0
625,1120,10,10,1,11,70,10,15,0
626,1121,10,16,1,11,70,10,15,0
627,1122,16,4,1,11,70,10,15,0
628,1123,16,10,1,11,70,10,15,0
629,1124,16,16,1,11,70,10,15,0
630,1134,4,4,1,9,30,20,15,0
631,1135,4,10,1,9,30,20,15,0
632,1136,4,16,1,9,30,20,15,0
633,1137,10,4,1,9,30,20,15,0
634,1138,10,10,1,9,30,20,15,0
635,1139,10,16,1,9,30,20,15,0
636,1140,16,4,1,9,30,20,15,0
637,1141,16,10,1,9,30,20,15,0
638,1142,16,16,1,9,30,20,15,0
639,1143,4,4,0,9,30,20,15,0
640,1144,4,10,0,9,30,20,15,0
641,1145,4,16,0,9,30,20,15,0
642,1146,10,4,0,9,30,20,15,0
643,1147,10,10,0,9,30,20,15,0
644,1148,10,16,0,9,30,20,15,0
645,1149,16,4,0,9,30,20,15,0
646,1150,16,10,0,9,30,20,15,0
647,1151,16,16,0,9,30,20,15,0
648,1152,4,4,1,10,30,20,15,0
649,1153,4,10,1,10,30,20,15,0
650,1154,4,16,1,10,30,20,15,0
651,1155,10,4,1,10,30,20,15,0
652,1156,10,10,1,10,30,20,15,0
653,1157,10,16,1,10,30,20,15,0
654,1158,16,4,1,10,30,20,15,0
655,1159,16,10,1,10,30,20,15,0
656,1160,16,16,1,10,30,20,15,0
657,1170,4,4,1,11,30,20,15,0
658,1171,4,10,1,11,30,20,15,0
659,1172,4,16,1,11,30,20,15,0
660,1173,10,4,1,11,30,20,15,0
661,1174,10,10,1,11,30,20,15,0
662,1175,10,16,1,11,30,20,15,0
663,1176,16,4,1,11,30,20,15,0
664,1177,16,10,1,11,30,20,15,0
665,1178,16,16,1,11,30,20,15,0
666,1188,4,4,1,9,50,20,15,0
667,1189,4,10,1,9,50,20,15,0
668,1190,4,16,1,9,50,20,15,0
669,1191,10,4,1,9,50,20,15,0
670,1192,10,10,1,9,50,20,15,0
671,1193,10,16,1,9,50,20,15,0
672,1194,16,4,1,9,50,20,15,0
673,1195,16,10,1,9,50,20,15,0
674,1196,16,16,1,9,50,20,15,0
675,1206,4,4,1,10,50,20,15,0
676,1207,4,10,1,10,50,20,15,0
677,1208,4,16,1,10,50,20,15,0
678,1209,10,4,1,10,50,20,15,0
679,1210,10,10,1,10,50,20,15,0
680,1211,10,16,1,10,50,20,15,0
681,1212,16,4,1,10,50,20,15,0
682,1213,16,10,1,10,50,20,15,0
683,1214,16,16,1,10,50,20,15,0
684,1224,4,4,1,11,50,20,15,0
685,1225,4,10,1,11,50,20,15,0
686,1226,4,16,1,11,50,20,15,0
687,1227,10,4,1,11,50,20,15,0
688,1228,10,10,1,11,50,20,15,0
689,1229,10,16,1,11,50,20,15,0
690,1230,16,4,1,11,50,20,15,0
691,1231,16,10,1,11,50,20,15,0
692,1232,16,16,1,11,50,20,15,0
693,1242,4,4,1,9,70,20,15,0
694,1243,4,10,1,9,70,20,15,0
695,1244,4,16,1,9,70,20,15,0
696,1245,10,4,1,9,70,20,15,0
697,1246,10,10,1,9,70,20,15,0
698,1247,10,16,1,9,70,20,15,0
699,1248,16,4,1,9,70,20,15,0
700,1249,16,10,1,9,70,20,15,0
701,1250,16,16,1,9,70,20,15,0
702,1260,4,4,1,10,70,20,15,0
703,1261,4,10,1,10,70,20,15,0
704,1262,4,16,1,10,70,20,15,0
705,1263,10,4,1,10,70,20,15,0
706,1264,10,10,1,10,70,20,15,0
707,1265,10,16,1,10,70,20,15,0
708,1266,16,4,1,10,70,20,15,0
709,1267,16,10,1,10,70,20,15,0
710,1268,16,16,1,10,70,20,15,0
711,1278,4,4,1,11,70,20,15,0
712,1279,4,10,1,11,70,20,15,0
713,1280,4,16,1,11,70,20,15,0
714,1281,10,4,1,11,70,20,15,0
715,1282,10,10,1,11,70,20,15,0
716,1283,10,16,1,11,70,20,15,0
717,1284,16,4,1,11,70,20,15,0
718,1285,16,10,1,11,70,20,15,0
719,1286,16,16,1,11,70,20,15,0
720,1296,4,4,1,9,30,30,15,0
721,1297,4,10,1,9,30,30,15,0
722,1298,4,16,1,9,30,30,15,0
723,1299,10,4,1,9,30,30,15,0
724,1300,10,10,1,9,30,30,15,0
725,1301,10,16,1,9,30,30,15,0
726,1302,16,4,1,9,30,30,15,0
727,1303,16,10,1,9,30,30,15,0
728,1304,16,16,1,9,30,30,15,0
729,1305,4,4,0,9,30,30,15,0
730,1306,4,10,0,9,30,30,15,0
731,1307,4,16,0,9,30,30,15,0
732,1308,10,4,0,9,30,30,15,0
733,1309,10,10,0,9,30,30,15,0
734,1310,10,16,0,9,30,30,15,0
735,1311,16,4,0,9,30,30,15,0
736,1312,16,10,0,9,30,30,15,0
737,1313,16,16,0,9,30,30,15,0
738,1314,4,4,1,10,30,30,15,0
739,1315,4,10,1,10,30,30,15,0
740,1316,4,16,1,10,30,30,15,0
741,1317,10,4,1,10,30,30,15,0
742,1318,10,10,1,10,30,30,15,0
743,1319,10,16,1,10,30,30,15,0
744,1320,16,4,1,10,30,30,15,0
745,1321,16,10,1,10,30,30,15,0
746,1322,16,16,1,10,30,30,15,0
747,1332,4,4,1,11,30,30,15,0
748,1333,4,10,1,11,30,30,15,0
749,1334,4,16,1,11,30,30,15,0
750,1335,10,4,1,11,30,30,15,0
751,1336,10,10,1,11,30,30,15,0
752,1337,10,16,1,11,30,30,15,0
753,1338,16,4,1,11,30,30,15,0
754,1339,16,10,1,11,30,30,15,0
755,1340,16,16,1,11,30,30,15,0
756,1350,4,4,1,9,50,30,15,0
757,1351,4,10,1,9,50,30,15,0
758,1352,4,16,1,9,50,30,15,0
759,1353,10,4,1,9,50,30,15,0
760,1354,10,10,1,9,50,30,15,0
761,1355,10,16,1,9,50,30,15,0
762,1356,16,4,1,9,50,30,15,0
763,1357,16,10,1,9,50,30,15,0
764,1358,16,16,1,9,50,30,15,0
765,1368,4,4,1,10,50,30,15,0
766,1369,4,10,1,10,50,30,15,0
767,1370,4,16,1,10,50,30,15,0
768,1371,10,4,1,10,50,30,15,0
769,1372,10,10,1,10,50,30,15,0
770,1373,10,16,1,10,50,30,15,0
771,1374,16,4,1,10,50,30,15,0
772,1375,16,10,1,10,50,30,15,0
773,1376,16,16,1,10,50,30,15,0
774,1386,4,4,1,11,50,30,15,0
775,1387,4,10,1,11,50,30,15,0
776,1388,4,16,1,11,50,30,15,0
777,1389,10,4,1,11,50,30,15,0
778,1390,10,10,1,11,50,30,15,0
779,1391,10,16,1,11,50,30,15,0
780,1392,16,4,1,11,50,30,15,0
781,1393,16,10,1,11,50,30,15,0
782,1394,16,16,1,11,50,30,15,0
783,1404,4,4,1,9,70,30,15,0
784,1405,4,10,1,9,70,30,15,0
785,1406,4,16,1,9,70,30,15,0
786,1407,10,4,1,9,70,30,15,0
787,1408,10,10,1,9,70,30,15,0
788,1409,10,16,1,9,70,30,15,0
789,1410,16,4,1,9,70,30,15,0
790,1411,16,10,1,9,70,30,15,0
791,1412,16,16,1,9,70,30,15,0
792,1422,4,4,1,10,70,30,15,0
793,1423,4,10,1,10,70,30,15,0
794,1424,4,16,1,10,70,30,15,0
795,1425,10,4,1,10,70,30,15,0
796,1426,10,10,1,10,70,30,15,0
797,1427,10,16,1,10,70,30,15,0
798,1428,16,4,1,10,70,30,15,0
799,1429,16,10,1,10,70,30,15,0
800,1430,16,16,1,10,70,30,15,0
801,1440,4,4,1,11,70,30,15,0
802,1441,4,10,1,11,70,30,15,0
803,1442,4,16,1,11,70,30,15,0
804,1443,10,4,1,11,70,30,15,0
805,1444,10,10,1,11,70,30,15,0
806,1445,10,16,1,11,70,30,15,0
807,1446,16,4,1,11,70,30,15,0
808,1447,16,10,1,11,70,30,15,0
809,1448,16,16,1,11,70,30,15,0
810,1458,4,4,1,9,30,10,5,1
811,1459,4,10,1,9,30,10,5,1
812,1460,4,16,1,9,30,10,5,1
813,1461,10,4,1,9,30,10,5,1
814,1462,10,10,1,9,30,10,5,1
815,1463,10,16,1,9,30,10,5,1
816,1464,16,4,1,9,30,10,5,1
817,1465,16,10,1,9,30,10,5,1
818,1466,16,16,1,9,30,10,5,1
819,1467,4,4,0,9,30,10,5,1
820,1468,4,10,0,9,30,10,5,1
821,1469,4,16,0,9,30,10,5,1
822,1470,10,4,0,9,30,10,5,1
823,1471,10,10,0,9,30,10,5,1
824,1472,10,16,0,9,30,10,5,1
825,1473,16,4,0,9,30,10,5,1
826,1474,16,10,0,9,30,10,5,1
827,1475,16,16,0,9,30,10,5,1
828,1476,4,4,1,10,30,10,5,1
829,1477,4,10,1,10,30,10,5,1
830,1478,4,16,1,10,30,10,5,1
831,1479,10,4,1,10,30,10,5,1
832,1480,10,10,1,10,30,10,5,1
833,1481,10,16,1,10,30,10,5,1
834,1482,16,4,1,10,30,10,5,1
835,1483,16,10,1,10,30,10,5,1
836,1484,16,16,1,10,30,10,5,1
837,1494,4,4,1,11,30,10,5,1
838,1495,4,10,1,11,30,10,5,1
839,1496,4,16,1,11,30,10,5,1
840,1497,10,4,1,11,30,10,5,1
841,1498,10,10,1,11,30,10,5,1
842,1499,10,16,1,11,30,10,5,1
843,1500,16,4,1,11,30,10,5,1
844,1501,16,10,1,11,30,10,5,1
845,1502,16,16,1,11,30,10,5,1
846,1512,4,4,1,9,50,10,5,1
847,1513,4,10,1,9,50,10,5,1
848,1514,4,16,1,9,50,10,5,1
849,1515,10,4,1,9,50,10,5,1
850,1516,10,10,1,9,50,10,5,1
851,1517,10,16,1,9,50,10,5,1
852,1518,16,4,1,9,50,10,5,1
853,1519,16,10,1,9,50,10,5,1
854,1520,16,16,1,9,50,10,5,1
855,1530,4,4,1,10,50,10,5,1
856,1531,4,10,1,10,50,10,5,1
857,1532,4,16,1,10,50,10,5,1
858,1533,10,4,1,10,50,10,5,1
859,1534,10,10,1,10,50,10,5,1
860,1535,10,16,1,10,50,10,5,1
861,1536,16,4,1,10,50,10,5,1
862,1537,16,10,1,10,50,10,5,1
863,1538,16,16,1,10,50,10,5,1
864,1548,4,4,1,11,50,10,5,1
865,1549,4,10,1,11,50,10,5,1
866,1550,4,16,1,11,50,10,5,1
867,1551,10,4,1,11,50,10,5,1
868,1552,10,10,1,11,50,10,5,1
869,1553,10,16,1,11,50,10,5,1
870,1554,16,4,1,11,50,10,5,1
871,1555,16,10,1,11,50,10,5,1
872,1556,16,16,1,11,50,10,5,1
873,1566,4,4,1,9,70,10,5,1
874,1567,4,10,1,9,70,10,5,1
875,1568,4,16,1,9,70,10,5,1
876,1569,10,4,1,9,70,10,5,1
877,1570,10,10,1,9,70,10,5,1
878,1571,10,16,1,9,70,10,5,1
879,1572,16,4,1,9,70,10,5,1
880,1573,16,10,1,9,70,10,5,1
881,1574,16,16,1,9,70,10,5,1
882,1584,4,4,1,10,70,10,5,1
883,1585,4,10,1,10,70,10,5,1
884,1586,4,16,1,10,70,10,5,1
885,1587,10,4,1,10,70,10,5,1
886,1588,10,10,1,10,70,10,5,1
887,1589,10,16,1,10,70,10,5,1
888,1590,16,4,1,10,70,10,5,1
889,1591,16,10,1,10,70,10,5,1
890,1592,16,16,1,10,70,10,5,1
891,1602,4,4,1,11,70,10,5,1
892,1603,4,10,1,11,70,10,5,1
893,1604,4,16,1,11,70,10,5,1
894,1605,10,4,1,11,70,10,5,1
895,1606,10,10,1,11,70,10,5,1
896,1607,10,16,1,11,70,10,5,1
897,1608,16,4,1,11,70,10,5,1
898,1609,16,10,1,11,70,10,5,1
899,1610,16,16,1,11,70,10,5,1
900,1620,4,4,1,9,30,20,5,1
901,1621,4,10,1,9,30,20,5,1
902,1622,4,16,1,9,30,20,5,1
903,1623,10,4,1,9,30,20,5,1
904,1624,10,10,1,9,30,20,5,1
905,1625,10,16,1,9,30,20,5,1
906,1626,16,4,1,9,30,20,5,1
907,1627,16,10,1,9,30,20,5,1
908,1628,16,16,1,9,30,20,5,1
909,1629,4,4,0,9,30,20,5,1
910,1630,4,10,0,9,30,20,5,1
911,1631,4,16,0,9,30,20,5,1
912,1632,10,4,0,9,30,20,5,1
913,1633,10,10,0,9,30,20,5,1
914,1634,10,16,0,9,30,20,5,1
915,1635,16,4,0,9,30,20,5,1
916,1636,16,10,0,9,30,20,5,1
917,1637,16,16,0,9,30,20,5,1
918,1638,4,4,1,10,30,20,5,1
919,1639,4,10,1,10,30,20,5,1
920,1640,4,16,1,10,30,20,5,1
921,1641,10,4,1,10,30,20,5,1
922,1642,10,10,1,10,30,20,5,1
923,1643,10,16,1,10,30,20,5,1
924,1644,16,4,1,10,30,20,5,1
925,1645,16,10,1,10,30,20,5,1
926,1646,16,16,1,10,30,20,5,1
927,1656,4,4,1,11,30,20,5,1
928,1657,4,10,1,11,30,20,5,1
929,1658,4,16,1,11,30,20,5,1
930,1659,10,4,1,11,30,20,5,1
931,1660,10,10,1,11,30,20,5,1
932,1661,10,16,1,11,30,20,5,1
933,1662,16,4,1,11,30,20,5,1
934,1663,16,10,1,11,30,20,5,1
935,1664,16,16,1,11,30,20,5,1
936,1674,4,4,1,9,50,20,5,1
937,1675,4,10,1,9,50,20,5,1
938,1676,4,16,1,9,50,20,5,1
939,1677,10,4,1,9,50,20,5,1
940,1678,10,10,1,9,50,20,5,1
941,1679,10,16,1,9,50,20,5,1
942,1680,16,4,1,9,50,20,5,1
943,1681,16,10,1,9,50,20,5,1
944,1682,16,16,1,9,50,20,5,1
945,1692,4,4,1,10,50,20,5,1
946,1693,4,10,1,10,50,20,5,1
947,1694,4,16,1,10,50,20,5,1
948,1695,10,4,1,10,50,20,5,1
949,1696,10,10,1,10,50,20,5,1
950,1697,10,16,1,10,50,20,5,1
951,1698,16,4,1,10,50,20,5,1
952,1699,16,10,1,10,50,20,5,1
953,1700,16,16,1,10,50,20,5,1
954,1710,4,4,1,11,50,20,5,1
955,1711,4,10,1,11,50,20,5,1
956,1712,4,16,1,11,50,20,5,1
957,1713,10,4,1,11,50,20,5,1
958,1714,10,10,1,11,50,20,5,1
959,1715,10,16,1,11,50,20,5,1
960,1716,16,4,1,11,50,20,5,1
961,1717,16,10,1,11,50,20,5,1
962,1718,16,16,1,11,50,20,5,1
963,1728,4,4,1,9,70,20,5,1
964,1729,4,10,1,9,70,20,5,1
965,1730,4,16,1,9,70,20,5,1
966,1731,10,4,1,9,70,20,5,1
967,1732,10,10,1,9,70,20,5,1
968,1733,10,16,1,9,70,20,5,1
969,1734,16,4,1,9,70,20,5,1
970,1735,16,10,1,9,70,20,5,1
971,1736,16,16,1,9,70,20,5,1
972,1746,4,4,1,10,70,20,5,1
973,1747,4,10,1,10,70,20,5,1
974,1748,4,16,1,10,70,20,5,1
975,1749,10,4,1,10,70,20,5,1
976,1750,10,10,1,10,70,20,5,1
977,1751,10,16,1,10,70,20,5,1
978,1752,16,4,1,10,70,20,5,1
979,1753,16,10,1,10,70,20,5,1
980,1754,16,16,1,10,70,20,5,1
981,1764,4,4,1,11,70,20,5,1
982,1765,4,10,1,11,70,20,5,1
983,1766,4,16,1,11,70,20,5,1
984,1767,10,4,1,11,70,20,5,1
985,1768,10,10,1,11,70,20,5,1
986,1769,10,16,1,11,70,20,5,1
987,1770,16,4,1,11,70,20,5,1
988,1771,16,10,1,11,70,20,5,1
989,1772,16,16,1,11,70,20,5,1
990,1782,4,4,1,9,30,30,5,1
991,1783,4,10,1,9,30,30,5,1
992,1784,4,16,1,9,30,30,5,1
993,1785,10,4,1,9,30,30,5,1
994,1786,10,10,1,9,30,30,5,1
995,1787,10,16,1,9,30,30,5,1
996,1788,16,4,1,9,30,30,5,1
997,1789,16,10,1,9,30,30,5,1
998,1790,16,16,1,9,30,30,5,1
999,1791,4,4,0,9,30,30,5,1
1000,1792,4,10,0,9,30,30,5,1
1001,1793,4,16,0,9,30,30,5,1
1002,1794,10,4,0,9,30,30,5,1
1003,1795,10,10,0,9,30,30,5,1
1004,1796,10,16,0,9,30,30,5,1
1005,1797,16,4,0,9,30,30,5,1
1006,1798,16,10,0,9,30,30,5,1
1007,1799,16,16,0,9,30,30,5,1
1008,1800,4,4,1,10,30,30,5,1
1009,1801,4,10,1,10,30,30,5,1
1010,1802,4,16,1,10,30,30,5,1
1011,1803,10,4,1,10,30,30,5,1
1012,1804,10,10,1,10,30,30,5,1
1013,1805,10,16,1,10,30,30,5,1
1014,1806,16,4,1,10,30,30,5,1
1015,1807,16,10,1,10,30,30,5,1
1016,1808,16,16,1,10,30,30,5,1
1017,1818,4,4,1,11,30,30,5,1
1018,1819,4,10,1,11,30,30,5,1
1019,1820,4,16,1,11,30,30,5,1
1020,1821,10,4,1,11,30,30,5,1
1021,1822,10,10,1,11,30,30,5,1
1022,1823,10,16,1,11,30,30,5,1
1023,1824,16,4,1,11,30,30,5,1
1024,1825,16,10,1,11,30,30,5,1
1025,1826,16,16,1,11,30,30,5,1
1026,1836,4,4,1,9,50,30,5,1
1027,1837,4,10,1,9,50,30,5,1
1028,1838,4,16,1,9,50,30,5,1
1029,1839,10,4,1,9,50,30,5,1
1030,1840,10,10,1,9,50,30,5,1
1031,1841,10,16,1,9,50,30,5,1
1032,1842,16,4,1,9,50,30,5,1
1033,1843,16,10,1,9,50,30,5,1
1034,1844,16,16,1,9,50,30,5,1
1035,1854,4,4,1,10,50,30,5,1
1036,1855,4,10,1,10,50,30,5,1
1037,1856,4,16,1,10,50,30,5,1
1038,1857,10,4,1,10,50,30,5,1
1039,1858,10,10,1,10,50,30,5,1
1040,1859,10,16,1,10,50,30,5,1
1041,1860,16,4,1,10,50,30,5,1
1042,1861,16,10,1,10,50,30,5,1
1043,1862,16,16,1,10,50,30,5,1
1044,1872,4,4,1,11,50,30,5,1
1045,1873,4,10,1,11,50,30,5,1
1046,1874,4,16,1,11,50,30,5,1
1047,1875,10,4,1,11,50,30,5,1
1048,1876,10,10,1,11,50,30,5,1
1049,1877,10,16,1,11,50,30,5,1
1050,1878,16,4,1,11,50,30,5,1
1051,1879,16,10,1,11,50,30,5,1
1052,1880,16,16,1,11,50,30,5,1
1053,1890,4,4,1,9,70,30,5,1
1054,1891,4,10,1,9,70,30,5,1
1055,1892,4,16,1,9,70,30,5,1
1056,1893,10,4,1,9,70,30,5,1
1057,1894,10,10,1,9,70,30,5,1
1058,1895,10,16,1,9,70,30,5,1
1059,1896,16,4,1,9,70,30,5,1
1060,1897,16,10,1,9,70,30,5,1
1061,1898,16,16,1,9,70,30,5,1
1062,1908,4,4,1,10,70,30,5,1
1063,1909,4,10,1,10,70,30,5,1
1064,1910,4,16,1,10,70,30,5,1
1065,1911,10,4,1,10,70,30,5,1
1066,1912,10,10,1,10,70,30,5,1
1067,1913,10,16,1,10,70,30,5,1
1068,1914,16,4,1,10,70,30,5,1
1069,1915,16,10,1,10,70,30,5,1
1070,1916,16,16,1,10,70,30,5,1
1071,1926,4,4,1,11,70,30,5,1
1072,1927,4,10,1,11,70,30,5,1
1073,1928,4,16,1,11,70,30,5,1
1074,1929,10,4,1,11,70,30,5,1
1075,1930,10,10,1,11,70,30,5,1
1076,1931,10,16,1,11,70,30,5,1
1077,1932,16,4,1,11,70,30,5,1
1078,1933,16,10,1,11,70,30,5,1
1079,1934,16,16,1,11,70,30,5,1
1080,1944,4,4,1,9,30,10,10,1
1081,1945,4,10,1,9,30,10,10,1
1082,1946,4,16,1,9,30,10,10,1
1083,1947,10,4,1,9,30,10,10,1
1084,1948,10,10,1,9,30,10,10,1
1085,1949,10,16,1,9,30,10,10,1
1086,1950,16,4,1,9,30,10,10,1
1087,1951,16,10,1,9,30,10,10,1
1088,1952,16,16,1,9,30,10,10,1
1089,1953,4,4,0,9,30,10,10,1
1090,1954,4,10,0,9,30,10,10,1
1091,1955,4,16,0,9,30,10,10,1
1092,1956,10,4,0,9,30,10,10,1
1093,1957,10,10,0,9,30,10,10,1
1094,1958,10,16,0,9,30,10,10,1
1095,1959,16,4,0,9,30,10,10,1
1096,1960,16,10,0,9,30,10,10,1
1097,1961,16,16,0,9,30,10,10,1
1098,1962,4,4,1,10,30,10,10,1
1099,1963,4,10,1,10,30,10,10,1
1100,1964,4,16,1,10,30,10,10,1
1101,1965,10,4,1,10,30,10,10,1
1102,1966,10,10,1,10,30,10,10,1
1103,1967,10,16,1,10,30,10,10,1
1104,1968,16,4,1,10,30,10,10,1
1105,1969,16,10,1,10,30,10,10,1
1106,1970,16,16,1,10,30,10,10,1
1107,1980,4,4,1,11,30,10,10,1
1108,1981,4,10,1,11,30,10,10,1
1109,1982,4,16,1,11,30,10,10,1
1110,1983,10,4,1,11,30,10,10,1
1111,1984,10,10,1,11,30,10,10,1
1112,1985,10,16,1,11,30,10,10,1
1113,1986,16,4,1,11,30,10,10,1
1114,1987,16,10,1,11,30,10,10,1
1115,1988,16,16,1,11,30,10,10,1
1116,1998,4,4,1,9,50,10,10,1
1117,1999,4,10,1,9,50,10,10,1
1118,2000,4,16,1,9,50,10,10,1
1119,2001,10,4,1,9,50,10,10,1
1120,2002,10,10,1,9,50,10,10,1
1121,2003,10,16,1,9,50,10,10,1
1122,2004,16,4,1,9,50,10,10,1
1123,2005,16,10,1,9,50,10,10,1
1124,2006,16,16,1,9,50,10,10,1
1125,2016,4,4,1,10,50,10,10,1
1126,2017,4,10,1,10,50,10,10,1
1127,2018,4,16,1,10,50,10,10,1
1128,2019,10,4,1,10,50,10,10,1
1129,2020,10,10,1,10,50,10,10,1
1130,2021,10,16,1,10,50,10,10,1
1131,2022,16,4,1,10,50,10,10,1
1132,2023,16,10,1,10,50,10,10,1
1133,2024,16,16,1,10,50,10,10,1
1134,2034,4,4,1,11,50,10,10,1
1135,2035,4,10,1,11,50,10,10,1
1136,2036,4,16,1,11,50,10,10,1
1137,2037,10,4,1,11,50,10,10,1
1138,2038,10,10,1,11,50,10,10,1
1139,2039,10,16,1,11,50,10,10,1
1140,2040,16,4,1,11,50,10,10,1
1141,2041,16,10,1,11,50,10,10,1
1142,2042,16,16,1,11,50,10,10,1
1143,2052,4,4,1,9,70,10,10,1
1144,2053,4,10,1,9,70,10,10,1
1145,2054,4,16,1,9,70,10,10,1
1146,2055,10,4,1,9,70,10,10,1
1147,2056,10,10,1,9,70,10,10,1
1148,2057,10,16,1,9,70,10,10,1
1149,2058,16,4,1,9,70,10,10,1
1150,2059,16,10,1,9,70,10,10,1
1151,2060,16,16,1,9,70,10,10,1
1152,2070,4,4,1,10,70,10,10,1
1153,2071,4,10,1,10,70,10,10,1
1154,2072,4,16,1,10,70,10,10,1
1155,2073,10,4,1,10,70,10,10,1
1156,2074,10,10,1,10,70,10,10,1
1157,2075,10,16,1,10,70,10,10,1
1158,2076,16,4,1,10,70,10,10,1
1159,2077,16,10,1,10,70,10,10,1
1160,2078,16,16,1,10,70,10,10,1
1161,2088,4,4,1,11,70,10,10,1
1162,2089,4,10,1,11,70,10,10,1
1163,2090,4,16,1,11,70,10,10,1
1164,2091,10,4,1,11,70,10,10,1
1165,2092,10,10,1,11,70,10,10,1
1166,2093,10,16,1,11,70,10,10,1
1167,2094,16,4,1,11,70,10,10,1
1168,2095,16,10,1,11,70,10,10,1
1169,2096,16,16,1,11,70,10,10,1
1170,2106,4,4,1,9,30,20,10,1
1171,2107,4,10,1,9,30,20,10,1
1172,2108,4,16,1,9,30,20,10,1
1173,2109,10,4,1,9,30,20,10,1
1174,2110,10,10,1,9,30,20,10,1
1175,2111,10,16,1,9,30,20,10,1
1176,2112,16,4,1,9,30,20,10,1
1177,2113,16,10,1,9,30,20,10,1
1178,2114,16,16,1,9,30,20,10,1
1179,2115,4,4,0,9,30,20,10,1
1180,2116,4,10,0,9,30,20,10,1
1181,2117,4,16,0,9,30,20,10,1
1182,2118,10,4,0,9,30,20,10,1
1183,2119,10,10,0,9,30,20,10,1
1184,2120,10,16,0,9,30,20,10,1
1185,2121,16,4,0,9,30,20,10,1
1186,2122,16,10,0,9,30,20,10,1
1187,2123,16,16,0,9,30,20,10,1
1188,2124,4,4,1,10,30,20,10,1
1189,2125,4,10,1,10,30,20,10,1
1190,2126,4,16,1,10,30,20,10,1
1191,2127,10,4,1,10,30,20,10,1
1192,2128,10,10,1,10,30,20,10,1
1193,2129,10,16,1,10,30,20,10,1
1194,2130,16,4,1,10,30,20,10,1
1195,2131,16,10,1,10,30,20,10,1
1196,2132,16,16,1,10,30,20,10,1
1197,2142,4,4,1,11,30,20,10,1
1198,2143,4,10,1,11,30,20,10,1
1199,2144,4,16,1,11,30,20,10,1
1200,2145,10,4,1,11,30,20,10,1
1201,2146,10,10,1,11,30,20,10,1
1202,2147,10,16,1,11,30,20,10,1
1203,2148,16,4,1,11,30,20,10,1
1204,2149,16,10,1,11,30,20,10,1
1205,2150,16,16,1,11,30,20,10,1
1206,2160,4,4,1,9,50,20,10,1
1207,2161,4,10,1,9,50,20,10,1
1208,2162,4,16,1,9,50,20,10,1
1209,2163,10,4,1,9,50,20,10,1
1210,2164,10,10,1,9,50,20,10,1
1211,2165,10,16,1,9,50,20,10,1
1212,2166,16,4,1,9,50,20,10,1
1213,2167,16,10,1,9,50,20,10,1
1214,2168,16,16,1,9,50,20,10,1
1215,2178,4,4,1,10,50,20,10,1
1216,2179,4,10,1,10,50,20,10,1
1217,2180,4,16,1,10,50,20,10,1
1218,2181,10,4,1,10,50,20,10,1
1219,2182,10,10,1,10,50,20,10,1
1220,2183,10,16,1,10,50,20,10,1
1221,2184,16,4,1,10,50,20,10,1
1222,2185,16,10,1,10,50,20,10,1
1223,2186,16,16,1,10,50,20,10,1
1224,2196,4,4,1,11,50,20,10,1
1225,2197,4,10,1,11,50,20,10,1
1226,2198,4,16,1,11,50,20,10,1
1227,2199,10,4,1,11,50,20,10,1
1228,2200,10,10,1,11,50,20,10,1
1229,2201,10,16,1,11,50,20,10,1
1230,2202,16,4,1,11,50,20,10,1
1231,2203,16,10,1,11,50,20,10,1
1232,2204,16,16,1,11,50,20,10,1
1233,2214,4,4,1,9,70,20,10,1
1234,2215,4,10,1,9,70,20,10,1
1235,2216,4,16,1,9,70,20,10,1
1236,2217,10,4,1,9,70,20,10,1
1237,2218,10,10,1,9,70,20,10,1
1238,2219,10,16,1,9,70,20,10,1
1239,2220,16,4,1,9,70,20,10,1
1240,2221,16,10,1,9,70,20,10,1
1241,2222,16,16,1,9,70,20,10,1
1242,2232,4,4,1,10,70,20,10,1
1243,2233,4,10,1,10,70,20,10,1
1244,2234,4,16,1,10,70,20,10,1
1245,2235,10,4,1,10,70,20,10,1
1246,2236,10,10,1,10,70,20,10,1
1247,2237,10,16,1,10,70,20,10,1
1248,2238,16,4,1,10,70,20,10,1
1249,2239,16,10,1,10,70,20,10,1
1250,2240,16,16,1,10,70,20,10,1
1251,2250,4,4,1,11,70,20,10,1
1252,2251,4,10,1,11,70,20,10,1
1253,2252,4,16,1,11,70,20,10,1
1254,2253,10,4,1,11,70,20,10,1
1255,2254,10,10,1,11,70,20,10,1
1256,2255,10,16,1,11,70,20,10,1
1257,2256,16,4,1,11,70,20,10,1
1258,2257,16,10,1,11,70,20,10,1
1259,2258,16,16,1,11,70,20,10,1
1260,2268,4,4,1,9,30,30,10,1
1261,2269,4,10,1,9,30,30,10,1
1262,2270,4,16,1,9,30,30,10,1
1263,2271,10,4,1,9,30,30,10,1
1264,2272,10,10,1,9,30,30,10,1
1265,2273,10,16,1,9,30,30,10,1
1266,2274,16,4,1,9,30,30,10,1
1267,2275,16,10,1,9,30,30,10,1
1268,2276,16,16,1,9,30,30,10,1
1269,2277,4,4,0,9,30,30,10,1
1270,2278,4,10,0,9,30,30,10,1
1271,2279,4,16,0,9,30,30,10,1
1272,2280,10,4,0,9,30,30,10,1
1273,2281,10,10,0,9,30,30,10,1
1274,2282,10,16,0,9,30,30,10,1
1275,2283,16,4,0,9,30,30,10,1
1276,2284,16,10,0,9,30,30,10,1
1277,2285,16,16,0,9,30,30,10,1
1278,2286,4,4,1,10,30,30,10,1
1279,2287,4,10,1,10,30,30,10,1
1280,2288,4,16,1,10,30,30,10,1
1281,2289,10,4,1,10,30,30,10,1
1282,2290,10,10,1,10,30,30,10,1
1283,2291,10,16,1,10,30,30,10,1
1284,2292,16,4,1,10,30,30,10,1
1285,2293,16,10,1,10,30,30,10,1
1286,2294,16,16,1,10,30,30,10,1
1287,2304,4,4,1,11,30,30,10,1
1288,2305,4,10,1,11,30,30,10,1
1289,2306,4,16,1,11,30,30,10,1
1290,2307,10,4,1,11,30,30,10,1
1291,2308,10,10,1,11,30,30,10,1
1292,2309,10,16,1,11,30,30,10,1
1293,2310,16,4,1,11,30,30,10,1
1294,2311,16,10,1,11,30,30,10,1
1295,2312,16,16,1,11,30,30,10,1
1296,2322,4,4,1,9,50,30,10,1
1297,2323,4,10,1,9,50,30,10,1
1298,2324,4,16,1,9,50,30,10,1
1299,2325,10,4,1,9,50,30,10,1
1300,2326,10,10,1,9,50,30,10,1
1301,2327,10,16,1,9,50,30,10,1
1302,2328,16,4,1,9,50,30,10,1
1303,2329,16,10,1,9,50,30,10,1
1304,2330,16,16,1,9,50,30,10,1
1305,2340,4,4,1,10,50,30,10,1
1306,2341,4,10,1,10,50,30,10,1
1307,2342,4,16,1,10,50,30,10,1
1308,2343,10,4,1,10,50,30,10,1
1309,2344,10,10,1,10,50,30,10,1
1310,2345,10,16,1,10,50,30,10,1
1311,2346,16,4,1,10,50,30,10,1
1312,2347,16,10,1,10,50,30,10,1
1313,2348,16,16,1,10,50,30,10,1
1314,2358,4,4,1,11,50,30,10,1
1315,2359,4,10,1,11,50,30,10,1
1316,2360,4,16,1,11,50,30,10,1
1317,2361,10,4,1,11,50,30,10,1
1318,2362,10,10,1,11,50,30,10,1
1319,2363,10,16,1,11,50,30,10,1
1320,2364,16,4,1,11,50,30,10,1
1321,2365,16,10,1,11,50,30,10,1
1322,2366,16,16,1,11,50,30,10,1
1323,2376,4,4,1,9,70,30,10,1
1324,2377,4,10,1,9,70,30,10,1
1325,2378,4,16,1,9,70,30,10,1
1326,2379,10,4,1,9,70,30,10,1
1327,2380,10,10,1,9,70,30,10,1
1328,2381,10,16,1,9,70,30,10,1
1329,2382,16,4,1,9,70,30,10,1
1330,2383,16,10,1,9,70,30,10,1
1331,2384,16,16,1,9,70,30,10,1
1332,2394,4,4,1,10,70,30,10,1
1333,2395,4,10,1,10,70,30,10,1
1334,2396,4,16,1,10,70,30,10,1
1335,2397,10,4,1,10,70,30,10,1
1336,2398,10,10,1,10,70,30,10,1
1337,2399,10,16,1,10,70,30,10,1
1338,2400,16,4,1,10,70,30,10,1
1339,2401,16,10,1,10,70,30,10,1
1340,2402,16,16,1,10,70,30,10,1
1341,2412,4,4,1,11,70,30,10,1
1342,2413,4,10,1,11,70,30,10,1
1343,2414,4,16,1,11,70,30,10,1
1344,2415,10,4,1,11,70,30,10,1
1345,2416,10,10,1,11,70,30,10,1
1346,2417,10,16,1,11,70,30,10,1
1347,2418,16,4,1,11,70,30,10,1
1348,2419,16,10,1,11,70,30,10,1
1349,2420,16,16,1,11,70,30,10,1
1350,2430,4,4,1,9,30,10,15,1
1351,2431,4,10,1,9,30,10,15,1
1352,2432,4,16,1,9,30,10,15,1
1353,2433,10,4,1,9,30,10,15,1
1354,2434,10,10,1,9,30,10,15,1
1355,2435,10,16,1,9,30,10,15,1
1356,2436,16,4,1,9,30,10,15,1
1357,2437,16,10,1,9,30,10,15,1
1358,2438,16,16,1,9,30,10,15,1
1359,2439,4,4,0,9,30,10,15,1
1360,2440,4,10,0,9,30,10,15,1
1361,2441,4,16,0,9,30,10,15,1
1362,2442,10,4,0,9,30,10,15,1
1363,2443,10,10,0,9,30,10,15,1
1364,2444,10,16,0,9,30,10,15,1
1365,2445,16,4,0,9,30,10,15,1
1366,2446,16,10,0,9,30,10,15,1
1367,2447,16,16,0,9,30,10,15,1
1368,2448,4,4,1,10,30,10,15,1
1369,2449,4,10,1,10,30,10,15,1
1370,2450,4,16,1,10,30,10,15,1
1371,2451,10,4,1,10,30,10,15,1
1372,2452,10,10,1,10,30,10,15,1
1373,2453,10,16,1,10,30,10,15,1
1374,2454,16,4,1,10,30,10,15,1
1375,2455,16,10,1,10,30,10,15,1
1376,2456,16,16,1,10,30,10,15,1
1377,2466,4,4,1,11,30,10,15,1
1378,2467,4,10,1,11,30,10,15,1
1379,2468,4,16,1,11,30,10,15,1
1380,2469,10,4,1,11,30,10,15,1
1381,2470,10,10,1,11,30,10,15,1
1382,2471,10,16,1,11,30,10,15,1
1383,2472,16,4,1,11,30,10,15,1
1384,2473,16,10,1,11,30,10,15,1
1385,2474,16,16,1,11,30,10,15,1
1386,2484,4,4,1,9,50,10,15,1
1387,2485,4,10,1,9,50,10,15,1
1388,2486,4,16,1,9,50,10,15,1
1389,2487,10,4,1,9,50,10,15,1
1390,2488,10,10,1,9,50,10,15,1
1391,2489,10,16,1,9,50,10,15,1
1392,2490,16,4,1,9,50,10,15,1
1393,2491,16,10,1,9,50,10,15,1
1394,2492,16,16,1,9,50,10,15,1
1395,2502,4,4,1,10,50,10,15,1
1396,2503,4,10,1,10,50,10,15,1
1397,2504,4,16,1,10,50,10,15,1
1398,2505,10,4,1,10,50,10,15,1
1399,2506,10,10,1,10,50,10,15,1
1400,2507,10,16,1,10,50,10,15,1
1401,2508,16,4,1,10,50,10,15,1
1402,2509,16,10,1,10,50,10,15,1
1403,2510,16,16,1,10,50,10,15,1
1404,2520,4,4,1,11,50,10,15,1
1405,2521,4,10,1,11,50,10,15,1
1406,2522,4,16,1,11,50,10,15,1
1407,2523,10,4,1,11,50,10,15,1
1408,2524,10,10,1,11,50,10,15,1
1409,2525,10,16,1,11,50,10,15,1
1410,2526,16,4,1,11,50,10,15,1
1411,2527,16,10,1,11,50,10,15,1
1412,2528,16,16,1,11,50,10,15,1
1413,2538,4,4,1,9,70,10,15,1
1414,2539,4,10,1,9,70,10,15,1
1415,2540,4,16,1,9,70,10,15,1
1416,2541,10,4,1,9,70,10,15,1
1417,2542,10,10,1,9,70,10,15,1
1418,2543,10,16,1,9,70,10,15,1
1419,2544,16,4,1,9,70,10,15,1
1420,2545,16,10,1,9,70,10,15,1
1421,2546,16,16,1,9,70,10,15,1
1422,2556,4,4,1,10,70,10,15,1
1423,2557,4,10,1,10,70,10,15,1
1424,2558,4,16,1,10,70,10,15,1
1425,2559,10,4,1,10,70,10,15,1
1426,2560,10,10,1,10,70,10,15,1
1427,2561,10,16,1,10,70,10,15,1
1428,2562,16,4,1,10,70,10,15,1
1429,2563,16,10,1,10,70,10,15,1
1430,2564,16,16,1,10,70,10,15,1
1431,2574,4,4,1,11,70,10,15,1
1432,2575,4,10,1,11,70,10,15,1
1433,2576,4,16,1,11,70,10,15,1
1434,2577,10,4,1,11,70,10,15,1
1435,2578,10,10,1,11,70,10,15,1
1436,2579,10,16,1,11,70,10,15,1
1437,2580,16,4,1,11,70,10,15,1
1438,2581,16,10,1,11,70,10,15,1
1439,2582,16,16,1,11,70,10,15,1
1440,2592,4,4,1,9,30,20,15,1
1441,2593,4,10,1,9,30,20,15,1
1442,2594,4,16,1,9,30,20,15,1
1443,2595,10,4,1,9,30,20,15,1
1444,2596,10,10,1,9,30,20,15,1
1445,2597,10,16,1,9,30,20,15,1
1446,2598,16,4,1,9,30,20,15,1
1447,2599,16,10,1,9,30,20,15,1
1448,2600,16,16,1,9,30,20,15,1
1449,2601,4,4,0,9,30,20,15,1
1450,2602,4,10,0,9,30,20,15,1
1451,2603,4,16,0,9,30,20,15,1
1452,2604,10,4,0,9,30,20,15,1
1453,2605,10,10,0,9,30,20,15,1
1454,2606,10,16,0,9,30,20,15,1
1455,2607,16,4,0,9,30,20,15,1
1456,2608,16,10,0,9,30,20,15,1
1457,2609,16,16,0,9,30,20,15,1
1458,2610,4,4,1,10,30,20,15,1
1459,2611,4,10,1,10,30,20,15,1
1460,2612,4,16,1,10,30,20,15,1
1461,2613,10,4,1,10,30,20,15,1
1462,2614,10,10,1,10,30,20,15,1
1463,2615,10,16,1,10,30,20,15,1
1464,2616,16,4,1,10,30,20,15,1
1465,2617,16,10,1,10,30,20,15,1
1466,2618,16,16,1,10,30,20,15,1
1467,2628,4,4,1,11,30,20,15,1
1468,2629,4,10,1,11,30,20,15,1
1469,2630,4,16,1,11,30,20,15,1
1470,2631,10,4,1,11,30,20,15,1
1471,2632,10,10,1,11,30,20,15,1
1472,2633,10,16,1,11,30,20,15,1
1473,2634,16,4,1,11,30,20,15,1
1474,2635,16,10,1,11,30,20,15,1
1475,2636,16,16,1,11,30,20,15,1
1476,2646,4,4,1,9,50,20,15,1
1477,2647,4,10,1,9,50,20,15,1
1478,2648,4,16,1,9,50,20,15,1
1479,2649,10,4,1,9,50,20,15,1
1480,2650,10,10,1,9,50,20,15,1
1481,2651,10,16,1,9,50,20,15,1
1482,2652,16,4,1,9,50,20,15,1
1483,2653,16,10,1,9,50,20,15,1
1484,2654,16,16,1,9,50,20,15,1
1485,2664,4,4,1,10,50,20,15,1
1486,2665,4,10,1,10,50,20,15,1
1487,2666,4,16,1,10,50,20,15,1
1488,2667,10,4,1,10,50,20,15,1
1489,2668,10,10,1,10,50,20,15,1
1490,2669,10,16,1,10,50,20,15,1
1491,2670,16,4,1,10,50,20,15,1
1492,2671,16,10,1,10,50,20,15,1
1493,2672,16,16,1,10,50,20,15,1
1494,2682,4,4,1,11,50,20,15,1
1495,2683,4,10,1,11,50,20,15,1
1496,2684,4,16,1,11,50,20,15,1
1497,2685,10,4,1,11,50,20,15,1
1498,2686,10,10,1,11,50,20,15,1
1499,2687,10,16,1,11,50,20,15,1
1500,2688,16,4,1,11,50,20,15,1
1501,2689,16,10,1,11,50,20,15,1
1502,2690,16,16,1,11,50,20,15,1
1503,2700,4,4,1,9,70,20,15,1
1504,2701,4,10,1,9,70,20,15,1
1505,2702,4,16,1,9,70,20,15,1
1506,2703,10,4,1,9,70,20,15,1
1507,2704,10,10,1,9,70,20,15,1
1508,2705,10,16,1,9,70,20,15,1
1509,2706,16,4,1,9,70,20,15,1
1510,2707,16,10,1,9,70,20,15,1
1511,2708,16,16,1,9,70,20,15,1
1512,2718,4,4,1,10,70,20,15,1
1513,2719,4,10,1,10,70,20,15,1
1514,2720,4,16,1,10,70,20,15,1
1515,2721,10,4,1,10,70,20,15,1
1516,2722,10,10,1,10,70,20,15,1
1517,2723,10,16,1,10,70,20,15,1
1518,2724,16,4,1,10,70,20,15,1
1519,2725,16,10,1,10,70,20,15,1
1520,2726,16,16,1,10,70,20,15,1
1521,2736,4,4,1,11,70,20,15,1
1522,2737,4,10,1,11,70,20,15,1
1523,2738,4,16,1,11,70,20,15,1
1524,2739,10,4,1,11,70,20,15,1
1525,2740,10,10,1,11,70,20,15,1
1526,2741,10,16,1,11,70,20,15,1
1527,2742,16,4,1,11,70,20,15,1
1528,2743,16,10,1,11,70,20,15,1
1529,2744,16,16,1,11,70,20,15,1
1530,2754,4,4,1,9,30,30,15,1
1531,2755,4,10,1,9,30,30,15,1
1532,2756,4,16,1,9,30,30,15,1
1533,2757,10,4,1,9,30,30,15,1
1534,2758,10,10,1,9,30,30,15,1
1535,2759,10,16,1,9,30,30,15,1
1536,2760,16,4,1,9,30,30,15,1
1537,2761,16,10,1,9,30,30,15,1
1538,2762,16,16,1,9,30,30,15,1
1539,2763,4,4,0,9,30,30,15,1
1540,2764,4,10,0,9,30,30,15,1
1541,2765,4,16,0,9,30,30,15,1
1542,2766,10,4,0,9,30,30,15,1
1543,2767,10,10,0,9,30,30,15,1
1544,2768,10,16,0,9,30,30,15,1
1545,2769,16,4,0,9,30,30,15,1
1546,2770,16,10,0,9,30,30,15,1
1547,2771,16,16,0,9,30,30,15,1
1548,2772,4,4,1,10,30,30,15,1
1549,2773,4,10,1,10,30,30,15,1
1550,2774,4,16,1,10,30,30,15,1
1551,2775,10,4,1,10,30,30,15,1
1552,2776,10,10,1,10,30,30,15,1
1553,2777,10,16,1,10,30,30,15,1
1554,2778,16,4,1,10,30,30,15,1
1555,2779,16,10,1,10,30,30,15,1
1556,2780,16,16,1,10,30,30,15,1
1557,2790,4,4,1,11,30,30,15,1
1558,2791,4,10,1,11,30,30,15,1
1559,2792,4,16,1,11,30,30,15,1
1560,2793,10,4,1,11,30,30,15,1
1561,2794,10,10,1,11,30,30,15,1
1562,2795,10,16,1,11,30,30,15,1
1563,2796,16,4,1,11,30,30,15,1
1564,2797,16,10,1,11,30,30,15,1
1565,2798,16,16,1,11,30,30,15,1
1566,2808,4,4,1,9,50,30,15,1
1567,2809,4,10,1,9,50,30,15,1
1568,2810,4,16,1,9,50,30,15,1
1569,2811,10,4,1,9,50,30,15,1
1570,2812,10,10,1,9,50,30,15,1
1571,2813,10,16,1,9,50,30,15,1
1572,2814,16,4,1,9,50,30,15,1
1573,2815,16,10,1,9,50,30,15,1
1574,2816,16,16,1,9,50,30,15,1
1575,2826,4,4,1,10,50,30,15,1
1576,2827,4,10,1,10,50,30,15,1
1577,2828,4,16,1,10,50,30,15,1
1578,2829,10,4,1,10,50,30,15,1
1579,2830,10,10,1,10,50,30,15,1
1580,2831,10,16,1,10,50,30,15,1
1581,2832,16,4,1,10,50,30,15,1
1582,2833,16,10,1,10,50,30,15,1
1583,2834,16,16,1,10,50,30,15,1
1584,2844,4,4,1,11,50,30,15,1
1585,2845,4,10,1,11,50,30,15,1
1586,2846,4,16,1,11,50,30,15,1
1587,2847,10,4,1,11,50,30,15,1
1588,2848,10,10,1,11,50,30,15,1
1589,2849,10,16,1,11,50,30,15,1
1590,2850,16,4,1,11,50,30,15,1
1591,2851,16,10,1,11,50,30,15,1
1592,2852,16,16,1,11,50,30,15,1
1593,2862,4,4,1,9,70,30,15,1
1594,2863,4,10,1,9,70,30,15,1
1595,2864,4,16,1,9,70,30,15,1
1596,2865,10,4,1,9,70,30,15,1
1597,2866,10,10,1,9,70,30,15,1
1598,2867,10,16,1,9,70,30,15,1
1599,2868,16,4,1,9,70,30,15,1
1600,2869,16,10,1,9,70,30,15,1
1601,2870,16,16,1,9,70,30,15,1
1602,2880,4,4,1,10,70,30,15,1
1603,2881,4,10,1,10,70,30,15,1
1604,2882,4,16,1,10,70,30,15,1
1605,2883,10,4,1,10,70,30,15,1
1606,2884,10,10,1,10,70,30,15,1
1607,2885,10,16,1,10,70,30,15,1
1608,2886,16,4,1,10,70,30,15,1
1609,2887,16,10,1,10,70,30,15,1
1610,2888,16,16,1,10,70,30,15,1
1611,2898,4,4,1,11,70,30,15,1
1612,2899,4,10,1,11,70,30,15,1
1613,2900,4,16,1,11,70,30,15,1
1614,2901,10,4,1,11,70,30,15,1
1615,2902,10,10,1,11,70,30,15,1
1616,2903,10,16,1,11,70,30,15,1
1617,2904,16,4,1,11,70,30,15,1
1618,2905,16,10,1,11,70,30,15,1
1619,2906,16,16,1,11,70,30,15,1
